[
	{
		"answer1": "<div class='answer1'>1. 채널장치<\/div>",
		"answer2": "<div class='answer2'>2. 제어장치<\/div>",
		"answer3": "<div class='answer3'>3. 터미널장치<\/div>",
		"answer4": "<div class='answer4'>4. 콘솔장치<\/div>",
		"comment": "<div class='comment'>문제 해설<br />채중입 : 채널은 중앙처리장치와 입출력장치 사이에 존재하며 서로의 속도 차이를 보완 합니다.<br />[해설작성자 : 밀양금성컴퓨터학원 ☎055-354-3344]<br /><br />채널이란?<br />I/O장치와 주기억장치 사이에 위치하여 입출력만을 전담해서 처리 전담기<br />종류 : 셀렉터채널, 멀티플렉서 채널, 블록멀티플렉서 채널<\/div>",
		"numb": "<div class='numb'>1.입출력 조작의 시간과 중앙처리장치의 처리시간과의 불균형을 보완하는 것은?<\/div>"
	},
	{
		"answer1": "<div class='answer1'>1. operand<\/div>",
		"answer2": "<div class='answer2'>2. length<\/div>",
		"answer3": "<div class='answer3'>3. question mark<\/div>",
		"answer4": "<div class='answer4'>4. opcode<\/div>",
		"comment": "<div class='comment'>문제 해설<br />명령어의 구성<br />명령어 코드부 + 주소부  (한글)<br />OP-code + Operand  (영문)<br />[해설작성자 : 밀양금성컴퓨터학원 ☎055-354-3344]<\/div>",
		"numb": "<div class='numb'>2.명령어 형식(instruction format)에서 첫 번째 바이트에 기억되는 것은?<\/div>"
	},
	{
		"answer1": "<div class='answer1'>1. OR<\/div>",
		"answer2": "<div class='answer2'>2. NOT<\/div>",
		"answer3": "<div class='answer3'>3. ExclusiveOR<\/div>",
		"answer4": "<div class='answer4'>4. AND<\/div>",
		"comment": "<div class='comment'>문제 해설<br />반가산기 구성<br />S = A XOR B<br />C = A AND B<br />S : SUM(합)<br />C : Carry(자리올림)<br />[해설작성자 : 밀양금성컴퓨터학원 ☎055-354-3344]<\/div>",
		"numb": "<div class='numb'>3.반가산기(Half-Adder)의 논리회로도에서 자리올림이 발생하는 회로는?<\/div>"
	},
	{
		"answer1": "<div class='answer1'>1. 절대번지<\/div>",
		"answer2": "<div class='answer2'>2. 상대번지<\/div>",
		"answer3": "<div class='answer3'>3. 필수번지<\/div>",
		"answer4": "<div class='answer4'>4. 선택번지<\/div>",
		"comment": "<div class='comment'>문제 해설<br />절대번지는 처음부터 순서대로 0, 1, 2, 3 과같이 주소를 부여 하는 방식입니다.<br />[해설작성자 : 밀양금성컴퓨터학원 ☎055-354-3344]<br /><br />상대번지는 별도로 지정되는 번지를 기준으로 하여 상대적으로 나타낸 번지. 상대 번지에 특정한 참조 번지를 더하면 절대 번지가 됨.<br />[해설작성자 : 미아]<\/div>",
		"numb": "<div class='numb'>4.기억 장치 고유의 번지로서 0, 1, 2, 3, ...과 같이 16진수로 약속하여 순서대로 정해 놓은 번지는?<\/div>"
	},
	{
		"answer1": "<div class='answer1'>1. 0100<\/div>",
		"answer2": "<div class='answer2'>2. 1000<\/div>",
		"answer3": "<div class='answer3'>3. 0010<\/div>",
		"answer4": "<div class='answer4'>4. 1010<\/div>",
		"comment": "<div class='comment'>문제 해설<br />1의 보수는<br />1은 0으로<br />0은 1로 바꾸어 주면 답이 됩니다.<br />[해설작성자 : 밀양금성컴퓨터학원 ☎055-354-3344]<\/div>",
		"numb": "<div class='numb'>5.2진수의 1011의 1의 보수는?<\/div>"
	},
	{
		"answer1": "<div class='answer1'>1. 멀티플렉서<\/div>",
		"answer2": "<div class='answer2'>2. 인코더<\/div>",
		"answer3": "<div class='answer3'>3. 디코더<\/div>",
		"answer4": "<div class='answer4'>4. 디멀티플렉서<\/div>",
		"comment": "<div class='comment'>문제 해설<br />출력이 오직 1개 : 멀티플렉서<br />입력이 오직 1개 : 디멀티 플렉서<br />[해설작성자 : 밀양금성컴퓨터학원 ☎055-354-3344]<br /><br />디멀티플렉서는 1개의 입력선으로 들어오는 정보를 2^n개의 출력선 중 1개를 선택하여 출력하는 회로이다.<br />2^n개의 출력선 중 1개의 선을 선택하기 위해 n개의 선택선을 이용한다.<br />[해설작성자 : 이찬진컴퓨터교실 목동중앙.광명지사 ☎02-2614-0888]<\/div>",
		"numb": "<div class='numb'>6.1개의 입력선으로 들어오는 정보를 2n개의 출력선 중 1개를 선택하여 출력하는 회로는?<\/div>"
	},
	{
		"answer1": "<div class='answer1'>1. 1+A=A<\/div>",
		"answer2": "<div class='answer2'>2. 1·A=A<\/div>",
		"answer3": "<div class='answer3'>3. 0+A=A<\/div>",
		"answer4": "<div class='answer4'>4. 0·A=0<\/div>",
		"comment": "<div class='comment'>문제 해설<br />1 + A = 1 입니다.<br />[해설작성자 : 밀양금성컴퓨터학원 ☎055-354-3344]<br /><br />불대수는 신호가 통할때는 1이라고하고<br />신호가 통하지 않을때는 0이라고한다.<br />A에 1을 대입<br />1*A = A ← 1X1=1이 나온다.<br />0+A = A ← 0+1는 = 1<br />0*A = 0 ← 0x0은 0<br /><br />1+A=A ← 1+1=1 ←X<br />[해설작성자 : 시공조아너무조아]<\/div>",
		"numb": "<div class='numb'>7.불(Boolean) 대수의 정리 중 틀린 것은?<\/div>"
	},
	{
		"answer1": "<div class='answer1'>1. 상수값을 레지스터 또는 주기억장치로 전송<\/div>",
		"answer2": "<div class='answer2'>2. 스택에 저장된 값을 레지스터로 전송<\/div>",
		"answer3": "<div class='answer3'>3. 레지스터에 저장된 값을 스택으로 전송<\/div>",
		"answer4": "<div class='answer4'>4. 레지스터에 저장된 값을 연산<\/div>",
		"comment": "<div class='comment'>문제 해설<br />레지스터에 저장된 값을 연산하는 것은 \"연산 명령어\" 입니다.<br />[해설작성자 : 밀양금성컴퓨터학원 ☎055-354-3344]<\/div>",
		"numb": "<div class='numb'>8.데이터 전송 명령어의 기능이 아닌 것은?<\/div>"
	},
	{
		"answer1": "<div class='answer1'>1. direct address<\/div>",
		"answer2": "<div class='answer2'>2. indirect address<\/div>",
		"answer3": "<div class='answer3'>3. calculated address<\/div>",
		"answer4": "<div class='answer4'>4. immediate address<\/div>",
		"comment": "<div class='comment'>문제 해설<br />direct address : 주소 참조 1회<br />indirect address : 주소 참조 2회<br />calculated address : 연산을 통하여 실제 데이터 주소 찾음<br />immediate address : 주소 참조 0회<br />따라서 참조 및 연산을 하지 않는 방식이 속도가 가장 빠릅니다.<br />[해설작성자 : 밀양금성컴퓨터학원 ☎055-354-3344]<\/div>",
		"numb": "<div class='numb'>9.다음 주소지정 방법 중 처리속도가 가장 빠른 것은?<\/div>"
	},
	{
		"answer1": "<div class='answer1'>1. 3개의 Zone비트를 가지고 있다.<\/div>",
		"answer2": "<div class='answer2'>2. 16비트 코드로 미국 표준협회에서 개발하였다.<\/div>",
		"answer3": "<div class='answer3'>3. 통신 제어용으로 사용한다.<\/div>",
		"answer4": "<div class='answer4'>4. 128가지의 문자를 표현한다.<\/div>",
		"comment": "<div class='comment'>문제 해설<br />ASCII 코드는 7비트로 구성되어 있어서 총 128가지의 문자를 표현할수 있습니다.<br />대표적인 16비트 코드는 유니코드입니다.<br />[해설작성자 : 밀양금성컴퓨터학원 ☎055-354-3344]<\/div>",
		"numb": "<div class='numb'>10.ASCII 코드에 대한 설명으로 잘못된 것은?<\/div>"
	}
]