[
	{
		"answer1": "<div class='answer1'>1. Process<\/div>",
		"answer2": "<div class='answer2'>2. Feedback<\/div>",
		"answer3": "<div class='answer3'>3. Maintenance<\/div>",
		"answer4": "<div class='answer4'>4. Control<\/div>",
		"comment": "<div class='comment'>문제 해설\r\n시스템 구성요소\r\n\r\n입력 (Input) : 처리 방법, 처리할 데이터, 조건을 시스템에 투입하는 것\r\n처리 (Process) : 입력된 데이터를 처리 방법과 조건에 따라 처리하는 것\r\n출력 (Output) : 처리된 결과를 시스템에서 산출하는 것\r\n제어 (Control) : 자료를 입력하여 출력될 때까지의 처리 과정이 올바르게 진행되는지 감독하는 것\r\n피드백 (Feedback) : 출력된 결과가 예정된 목표를 만족시키지 못할 경우 목표 달성을 위해 반복 처리하는 것\r\n\r\nMaintenance는 유지보수로서, 시스템 구성요소에는 포함되지 않음.\r\n[해설작성자 : comcbt.com 이용자]<\/div>",
		"numb": "<div class='numb'>1.\t시스템의 구성요소로 볼 수 없는 것은?<\/div>"
	},
	{
		"answer1": "<div class='answer1'>1. 유스케이스 다이어그램은 개발자의 요구를 추출하고 분석하기 위해 주로 사용한다.<\/div>",
		"answer2": "<div class='answer2'>2. 액터는 대상 시스템과 상호 작용하는 사람이나 다른 시스템에 의한 역할이다.<\/div>",
		"answer3": "<div class='answer3'>3. 사용자 액터는 본 시스템과 데이터를 주고받는 연동 시스템을 의미한다.<\/div>",
		"answer4": "<div class='answer4'>4. 연동의 개념은 일방적으로 데이터를 파일이나 정해진 형식으로 넘겨주는 것을 의미한다.<\/div>",
		"comment": "<div class='comment'>문제 해설\r\n유스케이스는 시스템이 액터에게 제공해야 하는 기능으로, 시스템의 요구사항이자 기능을 의미\r\n\r\n유스케이스 다이어그램은 사용자의 요구를 추출하고 분석하기 위해 주요 사용\r\n여기서 액터는 시스템 외부에서 시스템과 상호작용하는 사람 혹은 시스템을 말함\r\n\r\n사용자 액터: 기능을 요구하는 대상이나 시스템의 수행결과를 통보받는 사용자 혹은 기능을 사용하게 될 대상으로\r\n시스템이 제공해야하는 기능인 유스케이스의 권한을 가지는 대상, 역할\r\n\r\n시스템 액터: 사용자 액터가 사용한 유스케이스를 처리해주는 외부 시스템, 시스템의 기능 수행을 위해서 연동이 되는 또 다른 시스템 액터를 의미\r\n[해설작성자 : 컴린이]<\/div>",
		"numb": "<div class='numb'>2.\t유스케이스(Usecase)에 대한 설명 중 옳은 것은?<\/div>"
	},
	{
		"answer1": "<div class='answer1'>1. ㉠ - ㉡ - ㉢ - ㉣<\/div>",
		"answer2": "<div class='answer2'>2. ㉠ - ㉢ - ㉡ - ㉣<\/div>",
		"answer3": "<div class='answer3'>3. ㉠ - ㉣ - ㉡ - ㉢<\/div>",
		"answer4": "<div class='answer4'>4. ㉠ - ㉡ - ㉣ - ㉢<\/div>",
		"comment": "<div class='comment'>문제 해설\r\n요구사항을 \"도출\"해야 \"분석\"하고, 분석해야 자세히 쓸수 있고(=명세), 명세를 검토해야 한다.\r\n[해설작성자 : 465]<\/div>",
		"numb": "<div class='numb'>3.\t요구사항 개발 프로세스의 순서로 옳은 것은?\r\n\t\t<br/>㉠도출(Elicitation) ㉡분석(Analysis) ㉢명세(Specification) ㉣확인(Validation)<\/div>"
	},
	{
		"answer1": "<div class='answer1'>1. instance<\/div>",
		"answer2": "<div class='answer2'>2. message<\/div>",
		"answer3": "<div class='answer3'>3. method<\/div>",
		"answer4": "<div class='answer4'>4. module<\/div>",
		"comment": "<div class='comment'>문제 해설\r\nmessage는 객체에게 어떤 행위를 하도록 지시하는 명령(11번과 같은 문항)\r\nmethod는 객체에 소속된 함수를 의미\r\nmodule은 실행코드와 객체들(함수, 클래스, 변수)의 묶음\r\n[해설작성자 : 컴린이]<\/div>",
		"numb": "<div class='numb'>4.\t객체지향 기법에서 같은 클래스에 속한 각각의 객체를 의미하는 것은?<\/div>"
	},
	{
		"answer1": "<div class='answer1'>1. 조직화(Organizing)<\/div>",
		"answer2": "<div class='answer2'>2. 캡슐화(Encapsulation)<\/div>",
		"answer3": "<div class='answer3'>3. 정보은닉(Infomation Hiding)<\/div>",
		"answer4": "<div class='answer4'>4. 구조화(Structuralization)<\/div>",
		"comment": "<div class='comment'>문제 해설\r\n캡슐화를 통하여 정보은닉 가능\r\n[해설작성자 : .]<\/div>",
		"numb": "<div class='numb'>5.\t객체지향 설계에서 객체가 가지고 있는 속성과 오퍼레이션의 일부를 감추어서 객체의 외부에서는 접근이 불가능하게 하는 개념은?<\/div>"
	},
	{
		"answer1": "<div class='answer1'>1. factory method pattern은 상위클래스에서 객체를 생성하는 인터페이스를 정의하고, 하위클래스에서 인스턴스를 생성하도록 하는 방식이다.<\/div>",
		"answer2": "<div class='answer2'>2. prototype pattem은 prototype을 먼저 생성하고 인스턴스를 복제하여 사용하는 구조이다.<\/div>",
		"answer3": "<div class='answer3'>3. bridge pattem은 기존에 구현되어 있는 클래스에 기능 발생 시 기존 클래스를 재사용할 수 있도록 중간에서 맞춰주는 역할을 한다.<\/div>",
		"answer4": "<div class='answer4'>4. mediator pattem은 객체간의 통제와 지시의 역할을 하는 중재자를 두어 객체지향의 목표를 달성하게 해준다.<\/div>",
		"comment": "<div class='comment'>문제 해설\r\nbridge pattem은 구현부에서 추상층을 분리하여 각자 독립적으로 확장이 가능하게 하는 패턴이다\r\n[해설작성자 : comcbt.com 이용자]\r\n\r\n3은 Adapter pattern의 설명\r\n[해설작성자 : 합격]<\/div>",
		"numb": "<div class='numb'>6.\tGoF (Gangs of Four) 디자인 패턴에 대한 설명으로 틀린 것은?<\/div>"
	},
	{
		"answer1": "<div class='answer1'>1. 개발자와 사용자 간의 지식이나 표현의 차이가 커서 상호 이해가 쉽지 않다.<\/div>",
		"answer2": "<div class='answer2'>2. 사용자의 요구는 예외가 거의 없어 열거와 구조화가 어렵지 않다.<\/div>",
		"answer3": "<div class='answer3'>3. 사용자의 요구사항이 모호하고 불명확하다.<\/div>",
		"answer4": "<div class='answer4'>4. 소프트웨어 개발 과정 중에 요구사항이 계속 변할 수 있다.<\/div>",
		"comment": "<div class='comment'>문제 해설\r\n요구사항이 분석이 어려운 이유는?\r\n1. 개발자와 사용자 간의 지식이나 표현의 차이가 커서 상호 이해가 쉽지 않다.\r\n2. 사용자의 요구는 예외가 많아 열거와 구조화가 어렵다.\r\n3. 사용자의 요구사항이 모호하고 불명확하다.\r\n4. 소프트웨어 개발 과정 중에 요구사항이 계속 변할 수 있다.\r\n\r\n문제의 2번 답은 반대로 이야기한 것\r\n[해설작성자 : 서태웅]<\/div>",
		"numb": "<div class='numb'>7.\t요구사항 분석이 어려운 이유가 아닌 것은?<\/div>"
	},
	{
		"answer1": "<div class='answer1'>1. 가용성 (Availability)<\/div>",
		"answer2": "<div class='answer2'>2. 독립성 (Isolation)<\/div>",
		"answer3": "<div class='answer3'>3. 변경 용이성 (Modifiability)<\/div>",
		"answer4": "<div class='answer4'>4. 사용성(Usability)<\/div>",
		"comment": "<div class='comment'>문제 해설\r\n시스템 품질 속성은\r\n\r\n가용성, 변경용이성, 성능, 보안성, 사용편의성, 시험용의성 6가지가 있다.\r\n[해설작성자 : comcbt.com 이용자]<\/div>",
		"numb": "<div class='numb'>8.\t소프트웨어 아키텍처 설계에서 시스템 품질속성이 아닌 것은?<\/div>"
	},
	{
		"answer1": "<div class='answer1'>1. Class<\/div>",
		"answer2": "<div class='answer2'>2. Package<\/div>",
		"answer3": "<div class='answer3'>3. Object<\/div>",
		"answer4": "<div class='answer4'>4. Message<\/div>",
		"comment": "<div class='comment'>문제 해설\r\n1. 클래스(Class): 객체를 정의해놓은 것. 객체의 설계도, 틀\r\n2. 패키지(Package): 클래스를 묶어두는 물리적인 단위. 클래스들의 집합\r\n3. 객체(Object): 실제로 존재하는 것. 클래스에 정의된 내용대로 메모리에 생성된 것\r\n[해설작성자 : .]<\/div>",
		"numb": "<div class='numb'>9.\t객체에게 어떤 행위를 하도록 지시하는 명령은?<\/div>"
	},
	{
		"answer1": "<div class='answer1'>1. 구조적 기법<\/div>",
		"answer2": "<div class='answer2'>2. 프로토타이핑 기술<\/div>",
		"answer3": "<div class='answer3'>3. 정보 저장소 기술<\/div>",
		"answer4": "<div class='answer4'>4. 일괄처리 기술<\/div>",
		"comment": "<div class='comment'>문제 해설\r\nCASE의 원천 기술은\r\n\r\n구조적 기법, 프로토타이핑 기술, 자동프로그래밍 기술, 정보 저장소 기술, 분산 처리 기술\r\n이 있다.\r\n[해설작성자 : comcbt.com 이용자]<\/div>",
		"numb": "<div class='numb'>10.\tCASE(Computer-Aided Software Engineering)의 원천 기술이 아닌 것은?<\/div>"
	}
]