[
	{
		"answer1": "<div class='answer1'>1. 시스템 자체에 관련 있는 다양한 객체에 관한 정보를 포함하는 시스템 데이터베이스이다.<\/div>",
		"answer2": "<div class='answer2'>2. 카탈로그들이 생성되면 자료 사전에 저장되기 때문에 좁은 의미로는 자료 사전이라고도 한다.<\/div>",
		"answer3": "<div class='answer3'>3. 무결성 확보를 위하여 일반 사용자는 내용을 검색할 수 없다.<\/div>",
		"answer4": "<div class='answer4'>4. 기본 테이블, 뷰, 인덱스, 패키지, 접근 권한 등의 정보를 저장한다.<\/div>",
		"comment": "<div class='comment'>문제 해설<br />3. 일반 사용자도 내용을 검색할 수 있다<br />[해설작성자 : 짜증나네]<\/div>",
		"numb": "<div class='numb'>1.시스템 카탈로그에 대한 설명으로 옳지 않은 것은?<\/div>"
	},
	{
		"answer1": "<div class='answer1'>1. CREATE 문<\/div>",
		"answer2": "<div class='answer2'>2. DROP 문<\/div>",
		"answer3": "<div class='answer3'>3. ALERT 문<\/div>",
		"answer4": "<div class='answer4'>4. CLOSE 문<\/div>",
		"comment": "<div class='comment'>문제 해설<br />테이블,뷰,인덱스 를 삭제하기 위해선 DROP문 을 사용한다<br />[해설작성자 : 이번엔 합격하자]<\/div>",
		"numb": "<div class='numb'>2.테이블, 뷰, 인덱스 제거 시 사용하는 명령문은?<\/div>"
	},
	{
		"answer1": "<div class='answer1'>1. 관계 데이터의 연산을 표현하는 방법이다.<\/div>",
		"answer2": "<div class='answer2'>2. 원하는 정보와 그 정보를 어떻게 유도하는가를 기술하는 절차적인 언어이다.<\/div>",
		"answer3": "<div class='answer3'>3. 튜플 관계해석과 도메인 관계해석이 있다.<\/div>",
		"answer4": "<div class='answer4'>4. 관계대수로 표현한 식은 관계해석으로 표현할 수 있다.<\/div>",
		"comment": "<div class='comment'>문제 해설<br />원하는 정보와 그 정보를 어떻게 유도하는가를 기술하는 절차적 언어는 관계대수이다.<br />관계해석은 비절차적 언어이다<br />[해설작성자 : 1004]<\/div>",
		"numb": "<div class='numb'>3.\t관계해석에 대한 설명으로 틀린 것은?<\/div>"
	},
	{
		"answer1": "<div class='answer1'>1. atomicity<\/div>",
		"answer2": "<div class='answer2'>2. consistency<\/div>",
		"answer3": "<div class='answer3'>3. isolation<\/div>",
		"answer4": "<div class='answer4'>4. durability<\/div>",
		"comment": "<div class='comment'>문제 해설<br />atomicty(원자성) : 트랜잭션 내의 모든 연산은 한꺼번에 완료가 되어야 하며 그렇지 않은 경우 한꺼번에 취소가 되어야한다.<br />consistency(일관성) : 트랜잭션이 그 실행을 성공적으로 완료하면 언제나 일관성있는 데이터베이스 상태로 변환한다.<br />isolation(독립성, 격리성, 순차성) : 둘 이상의 트랜잭션이 동시에 병행 실행되는 경우 어느하나의 트랜잭션 실행중에 다른 트랜잭션이 끼여들 수 없다.<br />[해설작성자 : 붙고싶어]<br /><br />Durability(영속성, 지속성) - 성공적으로 완료된 트랜잭션의 결과는 영구적으로 반영되어야한다.<br />[해설작성자 : 제발]<\/div>",
		"numb": "<div class='numb'>4.\t트랙잭션의 특성 중 “all or nothing”, 즉 트랙잭션의 연산은 데이터베이스에 모두 반영되든지 아니면 전혀 반영되지 않아야 함을 의미하는 특성은?<\/div>"
	},
	{
		"answer1": "<div class='answer1'>1. 외부 스키마(External Schema)<\/div>",
		"answer2": "<div class='answer2'>2. 개념 스키마(Conceptual Schema)<\/div>",
		"answer3": "<div class='answer3'>3. 내부 스키마(Internal Schema)<\/div>",
		"answer4": "<div class='answer4'>4. 관계 스키마(Relational Schema)<\/div>",
		"comment": "<div class='comment'>문제 해설<br />외부스키마: 사용자 관점/ 데이터의 논리적구조 정의<br />개념 스키마: 개체 간의 관계와 제약조건 나타냄/ 접근권한, 보안, 무결성 규칙에관한 명세를 정의<br />내부 스키마: 물리적 저장장치 관점에서 본 데이터구조/ 실제 데이터 베이스에 저장될 레코드의 물리적구조 정의<br />[해설작성자 : comcbt.com 이용자]<br /><br />관계스키마 (테이블 스키마): 시간에 관계없는 정적 성질을 갖는 릴레이션의 연구 부분인 릴레이션의 내포를 명세화한 것.<br />[해설작성자 : 제발]]<\/div>",
		"numb": "<div class='numb'>5.\t데이터베이스 3단계 구조 중 사용자나 응용프로그래머가 사용할 수 있도록 데이터베이스를 정의한 것은?<\/div>"
	},
	{
		"answer1": "<div class='answer1'>1. 트랙잭션 처리량<\/div>",
		"answer2": "<div class='answer2'>2. 공간 활용도<\/div>",
		"answer3": "<div class='answer3'>3. 응용프로그램의 양<\/div>",
		"answer4": "<div class='answer4'>4. 응답 시간<\/div>",
		"comment": "<div class='comment'>문제 해설<br />반응 시간(Response Time) : 트랜잭션 수행을 요구한 시점부터 처리 결과를 얻을 때까지의 경과 시간<br />공간 활용도(Space Utilization) : 데이터베이스 파일과 액세스 경로 구조에 의해 사용되는 저장 공간의 양<br />트랜잭션 처리량(Transaction Throughput) : 단위 시간 동안 데이터베이스 시스템에 의해 처리될 수 있는 트랜잭션의 평균 개수<br />[해설작성자 : 곰팡이 두개]<\/div>",
		"numb": "<div class='numb'>6.\t데이터베이스 물리적 설계의 옵션 선택시 고려사항으로 거리가 먼 것은?<\/div>"
	},
	{
		"answer1": "<div class='answer1'>1. 개념 스키마를 평가 및 정제하고 DBMS에 따라 서로 다른 논리적 스키마를 설계한다.<\/div>",
		"answer2": "<div class='answer2'>2. 데이터베이스 파일의 저장 구조 및 액세스 경로를 결정한다.<\/div>",
		"answer3": "<div class='answer3'>3. 물리적 저장장치에 저장할 수 있는 물리적 구조의 데이터로 변환하는 과정이다.<\/div>",
		"answer4": "<div class='answer4'>4. 저장 레코드의 형식, 순서, 접근 경로 등의 정보가 컴퓨터에 저장되는 방법을 묘사한다.<\/div>",
		"comment": "<div class='comment'>문제 해설<br />2,3,4 물리적 설계<br />[해설작성자 : 다들 파이팅]<\/div>",
		"numb": "<div class='numb'>7.\t데이터베이스 설계 단계 중 논리적 설계 단계에 해당하는 것은?<\/div>"
	},
	{
		"answer1": "<div class='answer1'>1. R = (2, 5, 38, 71, 7, 11, 26, 61, 42, 53)<\/div>",
		"answer2": "<div class='answer2'>2. R = (71, 2, 5, 38, 7, 61, 11, 26, 42, 53)<\/div>",
		"answer3": "<div class='answer3'>3. R = (5, 2, 7, 11, 26, 38, 61, 71, 42, 53)<\/div>",
		"answer4": "<div class='answer4'>4. R = (2, 5, 7, 11, 26, 38, 42, 53, 71, 61)<\/div>",
		"comment": "<div class='comment'>문제 해설<br />1회전 : 2개씩 묶은 후 각각의 묶음 안에서 정렬합니다.<br />     (71,2)(38,5)(7,61)(11,26)(53,42) -> (2,71)(5,38)(7,61)(11,26)(42,53)<br />2회전 : 묶어진 묶음을 2개씩 묶은 후 각각의 묶음 안에서 정렬합니다.<br />     ((2,71)(5,38))((7,61)(11,26))(42,53) -> (2,5,38,71)(7,11,26,61)(42,53)<br />2회전한 후 : R = (2,5,38,71,7,11,26,61,42,53)<br />[해설작성자 : 합격가자잇]<\/div>",
		"numb": "<div class='numb'>8.\t입력 데이터가 R = (71, 2, 38, 5, 7, 61, 11, 26, 53, 42)일 때 2-Way Merge Sort를 2회전한 후 결과는?<\/div>"
	},
	{
		"answer1": "<div class='answer1'>1. 14, 15, 27, 32, 38, 6, 21<\/div>",
		"answer2": "<div class='answer2'>2. 14, 15, 32, 38, 27, 6, 21<\/div>",
		"answer3": "<div class='answer3'>3. 6, 14, 15, 27, 32, 38, 21<\/div>",
		"answer4": "<div class='answer4'>4. 6, 14, 15, 21, 27, 32, 38<\/div>",
		"comment": "<div class='comment'>문제 해설<br />1회전 14 32 15 38 27 6 21<br />2회전 14 15 32 38 27 6 21<br />3회전 14 15 32 38 27 6 21<br />4회전 14 15 27 32 38 6 21<br />5회전 6 14 15 27 32 38 21<br />[해설작성자 : 다들 파이팅]<\/div>",
		"numb": "<div class='numb'>9.\t다음 자료를 삽입 정렬을 이용하여 오름차순으로 정렬할 경우 “pass 5”의 결과는?<br />\t\t<br/>자료 : 32, 14, 15, 38, 27, 6, 21<\/div>"
	},
	{
		"answer1": "<div class='answer1'>1. 데이터의 양<\/div>",
		"answer2": "<div class='answer2'>2. 초기 데이터의 배열상태<\/div>",
		"answer3": "<div class='answer3'>3. 키 값들의 분포상태<\/div>",
		"answer4": "<div class='answer4'>4. 운영체제의 종류<\/div>",
		"comment": "<div class='comment'>문제 해설<br />정렬 알고리즘 석택 시 고려사항<br />•데이터의 양<br />•초기 데이터의 분포(배열)상태<br />•키 값들의 분포상태<br />•소요공간 및 작업시간<br />•사용 시스템의 특성<br />등이 있습니다.<br />[해설작성자 : 랄랄루]<\/div>",
		"numb": "<div class='numb'>10.\t정렬 알고리즘 선택시 고려하여야 할 사항으로 거리가 먼 것은?<\/div>"
	}
]