<?xml version="1.0" encoding="UTF-8" ?>
<!DOCTYPE mapper
 PUBLIC "-//mybatis.org//DTD Mapper 3.0//EN"
 "http://mybatis.org/dtd/mybatis-3-mapper.dtd">
<mapper namespace="com.hanul.mybatis.omrMapper.xml">
	<!-- SQL 문장 작성 -->
	<!-- 
		<insert | delete | update | select ~~~>
			- id 속성(식별자) : DAO에서 설정한 값
			▶ session.insert("memberinsert", dto);
			- parameterType 속성 : 매개변수 타입(Class, PDT) ▶ 생략가능
			- 매개변수 처리 : dto.getName() → #{속성명}
			- SQL문장 마지막에 세미콜론(;)은 입력하지 않는 다.
			- resultType 속성 : select 쿼리를 수행했을 때 결과 타입
	 -->
	<!-- INSERT -->
	<insert id="insertTester" parameterType="omrDTO">
	insert into Tester_C values (#{numb}, #{name}, #{state}, #{pass}, #{subject}, #{score})
	</insert>
	<insert id="insertTesterAnswer" parameterType="int">
	insert into TesterAnswer_C values 
	(#{numb}, 0, 0, 0, 0, 0, 0, 0, 0, 0, 0, 102)
	</insert>
	
	<!-- SELECT -->
	<select id="searchAnswer" resultType="answerDTO" parameterType="String">
	select * from answer_C where subject Like #{subject}
	</select>
	<select id="checkSpareNumb" resultType="int">
	select numb from Tester_C order by 1
	</select>
	<select id="checkNumb" resultType="int" parameterType="int">
	select numb from Tester_C where numb = #{numb}
	</select>
	<select id="searchAllTesterList" resultType="omrDTO">
	select * from Tester_C where numb > 1000 order by 1
	</select>
	<select id="searchTester" resultType="omrDTO" parameterType="int">
	select * from Tester_C where numb = #{numb}
	</select>
	<select id="searchTesterAnswer" resultType="TesterAnswerDTO" parameterType="int">
	select * from TesterAnswer_C where numb = #{numb}
	</select>
	
	<!-- UPDATE -->
	<update id="updateTester" parameterType="omrDTO">
	update tester_C set name = #{name}, state = #{state}, pass = #{pass}, subject = #{subject} where numb = #{numb}
	</update>
	<update id="updateTesterState" parameterType="int">
	update tester_C set state = '응시' where numb = #{numb}
	</update>
	<update id="updateTesterAnswerScroe" parameterType="omrDTO">
	update TesterAnswer_C set score = #{score} where numb = #{numb}
	</update>
	<update id="updateTesterPass" parameterType="omrDTO">
	update Tester_C set pass = #{pass} where numb = #{numb}
	</update>
	<update id="updateTesterScore" parameterType="omrDTO">
	update tester_C set score = #{score} where numb = #{numb}
	</update>
	<update id="updateTesterAnswer" parameterType="TesterAnswerDTO">
	update TesterAnswer_C set num1 = #{num1}, num2 = #{num2}, num3 = #{num3}, num4 = #{num4},
	num5 = #{num5}, num6 = #{num6}, num7 = #{num7}, num8 = #{num8}, num9 = #{num9},
	num10 = #{num10}, score = #{score} where numb = #{numb}
	</update>
</mapper>