<?xml version="1.0" encoding="UTF-8" ?>
<!DOCTYPE configuration
 PUBLIC "-//mybatis.org//DTD Config 3.0//EN"
 "http://mybatis.org/dtd/mybatis-3-config.dtd">
<configuration>
	<properties resource="com/hanul/mybatis/db.properties" />
	<typeAliases>
		<typeAlias type="com.hanul.omr.omrDTO" alias="omrDTO"/>
		<typeAlias type="com.hanul.omr.TesterAnswerDTO" alias="TesterAnswerDTO"/>
		<typeAlias type="com.hanul.omr.answerDTO" alias="answerDTO"/>
	</typeAliases>
	<environments default="development">
		<environment id="development">
			<transactionManager type="JDBC" />
			<dataSource type="POOLED">
				<property name="driver" value="${driver}" />
				<property name="url" value="${url}" />
				<property name="username" value="${username}" />
				<property name="password" value="${password}" />
			</dataSource>
		</environment>
	</environments>
	<mappers>
		<mapper resource="com/hanul/mybatis/omrMapper.xml" />
	</mappers>
</configuration>
